Roll_No,Age,Attendance_Percentage,Study_Hours_Per_Week,Midterm_Score,Final_Score,Backlogs
1,24,94.72321065095122,18.741481279810756,47.10593504916682,84.42573054056435,1
2,21,84.96050835595898,25.12399543274232,70.48863366112843,71.40738946852584,0
3,22,79.77922612047595,2.906745724146154,73.20855802302222,58.98547724098533,1
4,24,91.9460814454449,14.066682208230555,67.15879493527676,70.80647543600185,2
5,20,75.7792234017337,6.171857078521143,46.89628551953385,60.03488140889027,1
6,22,55.02960205707488,,99.75079352277567,90.54970244128883,2
7,22,79.90701290489191,13.037588019347568,78.23846194752471,103.52338882670506,1
8,24,86.04678990628366,14.981087538655927,109.51333065474938,78.6722906084181,0
9,19,96.84016527197032,10.675841906842091,,76.66915152079913,1
10,20,58.382063592560016,1.9532019762394586,84.36823342265464,77.28652150311278,1
11,24,78.15633040172817,7.875170241922046,81.68910831091245,92.73351043407473,2
12,20,78.87044517867315,41.77926595016945,65.64137345353957,92.41048505395774,0
13,20,63.48122142729332,27.707993880074326,91.16576351588836,73.26519647177653,3
14,22,,0.4413344611758607,63.91884988579332,78.78884891068637,1
15,21,91.21052047417703,1.8010180115075491,64.5866287086309,84.78969610765617,0
16,20,,,17.92855162092426,57.93468815173899,1
17,23,110.82638912932208,,76.13542080613956,93.18912356130684,0
18,22,75.20959988699512,17.025697806958462,,101.02247836840841,1
19,19,73.29974793964,2.4017700835005287,61.73918206456733,92.47548157259186,0
20,21,72.86492978047096,7.04921613839529,54.60670541882459,56.31609132578168,1
21,23,67.76751390067267,18.369850704778038,64.50652691022607,45.44999316871689,0
22,23,71.61461760149214,13.197636186471764,76.65820345326154,85.63078010276897,0
23,19,58.48866696151214,7.8140414495379495,70.16712344573136,63.5971582655687,2
24,21,77.12700764130061,8.924465045700323,80.6446193575871,79.30700031184479,2
25,22,80.86211004536445,7.10009650068406,88.98444303378447,98.02723080011323,2
26,18,45.757962649388034,3.531788500016205,64.46806094983246,65.14567235402384,0
27,21,78.47075731280215,8.324598074681555,62.82149136975829,69.3366801538656,1
28,19,80.63201122612894,11.675936310968124,84.36591480493014,79.15084458882474,2
29,23,87.71883486035809,20.661140751074527,85.55570933109894,55.53735540026654,1
30,22,98.06952608863737,10.114021548748545,81.1088630215457,63.63215705991186,2
31,21,92.77031396900765,14.318003795855258,55.717317898909755,75.37286255626904,0
32,18,70.69454416196672,1.7443867048912378,76.33982598252406,70.49317696773373,1
33,18,68.95381741613531,6.19074518666376,71.64205906070933,84.1261163069884,0
34,20,88.6925660232478,0.09375432164456157,85.78793412024496,116.48969421658902,0
35,20,71.79080245493718,2.832636673578669,61.40691865693377,76.48707509127186,1
36,24,61.57918971314564,12.963136856112857,45.00084563275126,62.37432080942986,0
37,19,115.61212615100894,48.048354408861385,80.35355200570409,96.27360532136346,0
38,21,75.3391360307421,1.0444770971109276,31.624474251143468,51.167722870196684,0
39,21,70.60213725967185,5.133192567214193,59.027298941555046,54.16637743456339,0
40,24,47.11804915637032,16.097928189017484,54.652067330225584,66.07344842028415,1
41,23,92.77103138568243,2.2820086126156376,,70.75669919220562,0
42,23,65.18096231305188,8.098719123476156,58.76452793567357,65.71390895224187,0
43,24,80.42930839351739,13.207736825681355,88.26060354627445,74.52731513365465,2
44,23,94.52934734456632,9.570748371647657,82.30833128509559,79.12112854119518,1
45,20,,2.0828540063345007,66.22403977011243,91.03439302912707,0
46,21,81.19223677726308,4.391013705229907,87.00435207788574,76.36782410765673,0
47,24,102.85681115290713,15.315133748939875,54.06554267250439,66.57080628457348,0
48,21,43.14879414704781,8.079443351961764,52.02574921379262,90.21968079659118,2
49,18,67.84241229531172,0.05243335834244976,82.95394988869886,62.734267864048036,1
50,20,66.43187174319394,14.312530668276239,78.69464843983971,50.510958814690156,1
51,22,77.19642316159387,0.359498773115542,63.09604897625015,93.08934026856814,0
52,20,79.28313683939693,13.69373461353044,52.968086594528046,92.12779867216457,1
53,24,64.08106050580115,2.2624906865187215,91.8959781255691,63.11552411693841,1
54,22,70.18439980830476,31.718367195597857,44.19846173578273,69.01351719268612,2
55,18,68.40162544320765,4.587721412896034,61.023610969846594,61.24608682005106,1
56,24,74.73816132240697,3.9590834430335637,73.42864791276845,79.89936326347701,1
57,19,83.27334098796645,1.6121160833511892,97.03247212647169,100.98073937052123,2
58,21,,3.6471318634885725,75.7465031810983,85.54322697892682,3
59,18,95.82996494819622,20.92735612176639,77.20456979519948,90.5358696387455,2
60,21,89.80451392002986,56.08746230709056,61.45924449777809,87.29592497536518,1
61,23,66.89038820772355,4.593557682687801,78.52720337911897,74.9982127716136,2
62,19,79.95056119508969,5.953140605103695,71.5796398131863,91.25010656866974,1
63,19,115.61494105238583,12.803893712449097,46.17303189373663,86.175458443692,0
64,18,95.21799039030947,21.73275679463014,,96.59168572729703,0
65,19,,8.990510286786167,84.55590084770277,68.10676588257365,1
66,22,103.73057274445671,4.968005994559315,82.05047573231744,48.9283254068192,0
67,19,74.17896215303878,5.320864431503373,70.49991888498703,90.67876522309616,1
68,21,69.97397047545098,11.894722687558444,55.65734675275529,80.24654280909087,0
69,21,100.93597903892847,0.03223453352234625,35.36224403072702,70.55930849518145,1
70,24,60.355260649821524,,72.35580408102176,71.39770781538763,3
71,21,51.293336295974655,4.392696117297495,86.22913089611274,113.32029488853173,3
72,24,94.11926867090713,15.808374881107959,84.93298703624622,65.36708021198594,2
73,21,80.41536397424319,0.9760250898985603,82.24109265090772,62.200450397605,1
74,22,81.91048217805734,8.872229893778368,68.88683532175914,76.27926350240028,1
75,24,74.57865740859535,,,92.70736316959442,1
76,20,76.42259948923913,10.281319964746448,83.86242735783854,109.17602979793841,1
77,23,73.12835145752935,0.6705217851068186,63.66049658917663,84.86047445084357,1
78,18,70.610106046184,8.674619670881443,80.1489702492377,55.943868840308554,2
79,21,74.27134666446858,8.243603206028805,,104.56296406076699,0
80,19,73.7982314177345,8.22481893100684,78.10036347425384,74.70796951384354,0
81,21,67.57124343471897,9.250481327074118,50.51325033548399,62.434358521575454,2
82,19,71.82246201002235,11.28457057823754,51.66682286990618,58.80911314350969,0
83,23,42.45860717506677,16.346993101159928,85.87310570415862,87.54493079003184,3
84,23,90.26963302332753,3.144651861262493,84.06340183307148,78.5824407927962,0
85,23,85.85379903474713,17.43251688811231,79.50417310863747,80.17613065418776,0
86,19,78.72636751256252,6.896646162596095,71.31953231579246,94.29754678607897,0
87,21,83.55986577139615,0.8018918746336913,34.130883534637775,62.96768112735534,0
88,23,84.10366104707943,0.6033502607505761,68.87686092690265,,0
89,22,69.13997305093551,4.0682350836025485,76.81274750784758,67.21264015809464,0
90,24,72.01129546669394,15.366381893970082,61.97900128660613,107.46011060868534,1
91,19,87.92474914445565,12.299093840207842,59.31258710787644,83.9810852398971,2
92,19,83.11255227738704,15.540739964735977,,61.19642205335434,0
93,21,110.64980734523458,7.282958332151881,69.09566512912582,44.61872875019281,1
94,19,104.29418233155967,5.801739118979032,76.82192754463571,87.13387083418517,1
95,19,93.99518210582525,1.5952638422688283,81.61197192429047,69.38729586014725,1
96,23,68.57397626408272,3.9778381533236526,54.97844385242384,72.66651458217247,0
97,21,71.53164495095638,5.6919541721923315,72.8981113407129,86.49294013761161,1
98,23,64.96929914556898,0.9277387160256173,,90.15620739375984,5
99,24,84.19636024680064,2.49246221980613,97.28834774949581,93.35565511003936,2
100,24,120.0,9.118637804587609,70.59904595822036,57.37738037425595,0
101,23,73.12071084585502,13.305309069097008,66.43084678979388,96.38842124436883,3
102,24,75.39925401017274,64.05472880634143,74.035361022063,66.31431995747776,0
103,21,57.13564200245012,,73.65455570541282,41.1562509787766,0
104,18,91.96604471867951,10.288023098028724,90.8013709919673,57.32339479709931,2
105,23,62.91287407115176,5.468813099485978,55.05412466249399,78.27037638198847,0
106,22,84.01613998554892,10.110887957798544,65.80190370750968,60.31778630878291,1
107,22,121.75666135233577,15.401526347430927,53.242880096852346,73.67933296235934,2
108,19,,1.2594446448603402,54.81857671303634,80.07378731293767,1
109,24,77.77172892489426,5.274715511697289,75.64861022708686,72.27921895336071,1
110,22,73.88809793547102,,82.1478676245554,67.58468493214924,1
111,19,70.97046981655423,4.842371702849132,60.25912459384382,56.239559055176606,2
112,18,91.4037664195304,8.48333696210045,81.58142183462934,,0
113,21,96.59493657242663,8.86172282531739,86.67367985697952,44.02563918622897,0
114,21,91.57457223952004,,99.02058997650084,64.71002937420869,0
115,21,69.1499137632315,4.497860945489304,71.04620273261574,61.08323836408859,1
116,22,116.50772117603624,4.072336040886349,60.403532088338004,71.40934722736628,3
117,18,120.0,,54.96292102591158,71.80005301036095,1
118,22,64.51056396448558,0.24489191270530317,53.47310203120159,89.39935011650618,2
119,24,82.54593926585561,17.819896121391395,88.7467105210541,98.75215915874399,1
120,22,81.34090878718474,3.1892620643003506,47.273569855665244,58.23331739644544,1
121,18,87.32066119068124,7.299745937185206,88.26622728476801,104.89248937905045,1
122,18,103.70201142612802,3.5485599007989306,,63.31056600717852,0
123,24,78.20223620951602,28.24796036158523,-10.0,77.58790174384634,3
124,18,81.70594190319471,3.001552182005943,67.7266681748503,82.66294483722477,2
125,18,71.08225920913625,5.615170164185904,59.44518175650233,111.66874128873759,1
126,21,88.82492777690963,,83.97969632439363,66.86576493356003,2
127,24,75.2228223402449,18.447398709821282,97.20015927974163,48.0489298053292,0
128,20,75.21414468400485,2.0591951269056197,60.13851763670293,97.35569205289472,0
129,20,88.15224729445666,16.227425772487937,63.5164324125306,62.499396618068474,0
130,18,95.52381390620899,6.128341464824549,67.55018789074153,69.57617129136611,2
131,20,46.878401724891845,6.596521975537925,78.11585145238956,58.23375519110737,0
132,20,85.41167637010142,1.4327005689790264,67.69773581566216,69.61944340426622,2
133,18,75.94695021983692,0.8403564207332337,90.80886116578894,62.394126956918385,0
134,20,94.21425406492114,13.017301014514391,87.1993587484289,85.14662724742158,1
135,22,76.24816098388233,6.8609441459685,52.2180646960735,76.2118744458297,0
136,19,99.51578649743449,5.742105041411313,77.81452248362243,64.78417259077982,2
137,24,69.85380469273942,13.075136013150379,92.80508855964254,,2
138,19,46.545051385611664,14.503546989673852,62.57828581349675,78.82495126011898,0
139,18,95.77389561007499,1.7305443076039948,65.58602692309665,47.30927624333917,0
140,21,67.34682556631793,120.0,62.07944503220567,88.79554971126453,0
141,24,120.0,1.4543519952787474,62.39386576714742,77.77301825778952,3
142,18,80.24080127965897,13.918098878273495,44.973226721334285,95.86098731387314,0
143,21,76.41232000954747,10.698941006159439,50.07527572802424,76.85876139513967,0
144,19,92.3465746361751,31.376327859603244,71.16210578105844,63.124359741486074,2
145,18,93.38616229722817,0.7145090750853228,92.70396961979168,71.93557000047245,3
146,24,81.43430668834088,0.5874702682483747,60.79958781222575,87.05878996321081,2
147,24,66.72776087123023,3.3154629359486405,60.35864045577163,63.438944104487064,1
148,23,84.30411891836447,3.034127313563832,,68.39554819338662,1
149,22,82.47791570180866,2.8366189629572727,53.3761380727602,71.674671300014,1
150,20,,23.671724742163093,45.08135255940367,57.75942584676191,1
151,21,66.87789929382947,2.8707718856360662,57.572268457937504,63.65514863057138,0
152,23,,3.1738517565419477,60.058232818084505,77.58825287706286,2
153,20,87.64067174504159,14.24612253597161,43.78820372957402,,0
154,20,98.70990582847587,5.973640988650571,68.07937440588083,79.75720477065713,2
155,18,94.48883011939385,14.992863982584597,84.22669524792303,74.31208110946467,0
156,20,81.23082306729196,0.6760043876192516,50.71067839427761,62.530938390715335,1
157,22,72.68907464118278,6.685934921037368,71.31367328430383,91.42740617580347,0
158,24,86.05730838018958,0.3419152493794983,75.93903513440159,81.50258249920263,2
159,23,63.62914344059794,0.6470195151063192,68.7492358708856,64.39905354721141,0
160,20,67.74497841108659,23.691251181454838,72.7853888461159,88.4797268802735,1
161,18,102.64656968689435,1.4994579904644503,72.95990893892817,83.393655922657,1
162,22,86.03051720070383,7.601862810622099,57.80908064622352,62.79704475950646,0
163,19,74.78709899340568,,92.47873858017802,73.479326156037,0
164,24,92.43708026877903,4.267040555945366,88.71635251114323,67.60840907635594,1
165,24,99.30462445774391,23.009199370088268,87.84867095861752,114.50306910047408,1
166,23,73.33043662631539,0.2206504935500153,85.20513610815794,82.97617324688488,1
167,24,73.58888086325787,10.900183808326895,46.37530795850464,,2
168,20,71.71031339979491,33.07554979468367,83.89093566717949,82.0899458411507,3
169,18,94.45775478073043,,79.83402141324262,95.68743882296246,0
170,24,94.60336171280186,27.61806452919119,46.95214577584325,73.74929783342301,0
171,24,100.78854981936648,0.5367283829582405,66.77634467274882,66.15136053201365,0
172,19,95.12904424773254,5.426488522972961,74.15190173987932,87.66424842146127,0
173,19,55.51672880857222,3.0131834655068874,94.96475647186952,72.37583150998032,0
174,21,84.21446481377299,13.123785630731405,80.87085786841388,58.951570063792445,0
175,22,64.12421895729422,39.79076178841682,57.031514090825475,56.02970352365912,1
176,20,72.30628437542877,2.964269475836514,95.43082687677945,97.939448262593,0
177,24,82.55891305371294,10.618212598300316,,76.97466850378927,0
178,24,92.53348097524855,2.2076841513427965,66.16238294645362,66.15648924011398,1
179,18,66.63734986323384,8.331687421479582,65.09322705116782,71.48497633436905,0
180,21,45.12920507821398,6.234951681723219,45.646671429653,87.11167077012527,0
181,22,82.70796262708147,35.75741130908115,68.35345744275787,70.59891726236933,2
182,21,,9.378394280377334,77.46227885958487,53.25870406233872,1
183,23,76.95730670494771,4.300237767529106,64.21925008712176,79.88761278221887,2
184,22,80.70373152425388,1.2114644357562017,76.30678715871338,93.12521726360345,0
185,24,106.73245427804119,1.639868637214363,57.03413393628729,92.12196476958377,0
186,24,88.85411928592683,2.553012751408823,67.8860812858357,66.61005092794133,2
187,22,,2.889717855613698,74.74810489912947,94.03758984687569,2
188,24,86.6317499797021,19.012354942631106,72.84491315595132,78.19424960507435,4
189,20,83.75365898860473,8.237634851167945,45.91802365421431,93.61721015818091,0
190,22,,7.410586447854435,63.414910736931574,83.6053054500383,1
191,21,59.87832263300454,1.219065063412979,95.1619439546891,52.176047360509955,2
192,22,108.30242168186355,19.671111641550873,62.61330888504223,,1
193,24,82.75825027857736,12.830676118738607,70.2371131616776,75.77675776798431,1
194,20,81.50143163869548,,68.69866374176584,83.65190735870726,3
195,20,78.64658503915686,12.304369006024542,93.52359638379477,54.839330572922336,2
196,23,,7.842503006173839,89.35552183292006,82.57989750117098,0
197,21,118.0803665260623,0.8525874546966827,82.11296499728215,,0
198,19,87.8592900066169,6.130441206067024,55.40136529941199,,3
199,19,71.17869760528171,6.62998818414935,75.3877457378812,96.00599692192924,1
200,22,77.99898713162683,1.8125157762181645,78.51912614612698,83.31337055919059,1
201,23,96.06494700807883,29.13196927399496,59.520927466059184,51.834339699774205,0
202,18,71.25799097880504,18.96955808234685,56.94224341228467,76.98409185746132,1
203,22,92.78369733545402,11.05704390260218,95.57521220810546,66.11235652180605,1
204,23,45.188939390328045,6.204462396688857,65.48795031674607,78.52466812224371,1
205,21,76.5518064283042,5.306296717568441,94.22465228366723,56.755112508073516,0
206,21,89.42210020221005,10.526073343140585,84.95640633241801,71.84749638312148,1
207,21,99.05188319863574,7.8840747430379245,76.11815173562982,67.24225374290897,2
208,21,67.72288674436413,0.6429653002712655,76.78797154539227,,0
209,21,57.45852473554095,7.184704219340354,48.99370659503849,66.92645721013268,3
210,23,76.08897252662271,16.419797883681323,73.10162169751625,72.96217925417633,1
211,23,63.11871488379667,6.1477949513223,91.2553061947244,79.29292138572033,2
212,20,77.76444999905705,0.5335497350844933,80.22009254778413,37.522596181928236,0
213,19,79.90019818053143,15.43080106811237,72.31505030596615,39.353507154932046,0
214,24,60.21282432197083,2.2484973368587404,95.67905793725545,69.91962990117187,0
215,21,92.06658665166297,2.9924309074837026,67.22438916008794,72.03346432941578,1
216,18,77.64179159953324,1.7997194341740164,60.706664874674736,77.83666824905912,0
217,24,96.20689803508024,4.007986104717142,72.30747874117385,64.08491467715663,0
218,23,52.3264213955586,14.136717478165162,81.49701052167394,75.14197791034023,2
219,18,64.74211744181915,7.326905335240429,44.23308856287609,76.89784807527083,0
220,18,87.75003962972184,2.2926383478708843,74.27302965235626,63.98162854701793,2
221,18,68.01334143762102,21.02342401265488,82.15517523304464,90.20183732611652,0
222,20,77.53196512925456,21.167850510798342,65.95537562054709,77.65479467182591,0
223,23,80.01048676335762,20.446801801024364,86.60447149453962,83.20441643194935,0
224,18,82.37383971430052,2.728541664069208,79.61779993616605,76.0326859692578,2
225,21,69.83650680899439,6.00092896432293,102.12074677766616,106.5550965459258,2
226,22,82.23929845208717,41.99015724929951,58.74095653628177,83.94595603676481,1
227,18,68.2618444214828,14.784643721827786,82.46064775744134,67.68010025689162,0
228,20,90.11420703120163,0.27543278636881524,54.74014138303893,87.31450326552601,1
229,24,78.27733970775465,0.6742758781911051,45.76950323084911,50.43592623814992,0
230,23,82.32554935393279,6.234930977710629,39.46703735773191,,2
231,20,118.548902595355,23.99318549653681,78.0748603359539,79.78740435137986,1
232,18,63.39343318099968,7.737105860039205,72.76371870916154,76.96531143118047,3
233,23,100.82873403560433,6.88781739048892,62.81423413957369,69.9933169374167,2
234,22,40.10972964425941,1.1146097451660444,43.397434990755805,59.81589964744477,0
235,18,48.82435017621586,10.693839431309623,140.0,63.159794819235564,0
236,20,61.39039883468644,17.265514506301997,70.06139511513184,76.53112374371075,0
237,19,62.33707452087596,4.787134619671843,81.89754050189647,58.29721151358011,1
238,21,,14.943779183383716,69.75196374628561,101.5525142347091,0
239,24,84.34763396252701,33.37565162052098,73.78090514057916,35.38653480984441,1
240,20,,2.278627431134131,64.35801428538797,70.14843198683094,1
241,23,77.75183049856308,,96.23836303790732,76.65584458661546,3
242,18,87.91647141397492,3.384673668890539,54.72625533507658,82.61131391749933,1
243,21,92.49835816431113,15.743334432174741,59.51142674072308,61.261129091063594,0
244,18,60.101914758353615,8.617868409396449,62.61462889009731,92.01442190832319,0
245,23,74.57163543150494,10.067145178332758,78.14056596965086,54.09253434280616,1
246,18,78.95615265630485,15.990627194510662,54.41710315319679,66.50807117088648,1
247,19,87.2797399484068,5.041321959217804,72.03577885821998,84.31121332919136,1
248,21,68.40999286589793,24.661642126129657,72.47365215139835,90.60282847189129,1
249,21,78.66168236609495,7.614878374553812,59.5846304389993,53.93998055428354,0
250,23,80.44975451790737,1.7192161158931838,74.94969191435285,114.67555185622737,2
251,24,,11.90395784496388,54.88279151893853,61.53762655249186,0
252,19,69.0752727507817,15.762998459239547,53.24388786307381,55.31726283708326,2
253,20,81.48118666456001,3.809115447957103,71.49408634782161,82.54072337659886,0
254,18,78.04482281019187,19.46164980513362,45.10366621782906,69.77559819627814,2
255,22,87.50716279130948,23.659856460311666,37.82795946174643,67.55921531190384,1
256,18,64.20111919032506,3.2421395957046437,-10.0,83.93466086354579,1
257,18,74.73977708181819,41.05697122281739,85.73454913886755,52.090564643582866,2
258,20,76.56175922669613,1.5165059038050552,62.997953219612064,49.46798400037947,3
259,18,92.20795862185408,2.256663163146758,59.97894021853344,66.03864952285159,2
260,19,65.89379338148146,2.036165002675717,85.08302838961839,91.16852609179988,0
261,19,83.51978007732629,22.442191141841327,52.8169267300162,66.68917059880825,1
262,21,83.7913326130683,10.621623885347034,,98.98735026792922,1
263,23,104.69595864019959,,80.61454635562731,93.01522141757836,2
264,24,64.89365953540609,,70.1355727976846,,1
265,22,70.14150022823759,9.552863355479618,85.97315108935356,80.09585789062136,1
266,18,65.93966476665018,0.8715402533365735,37.896011818330315,79.23003937525283,1
267,18,54.953312418973994,21.406054403422733,48.98989013322155,77.3957659302315,1
268,20,106.47030401394078,16.27619884453608,70.21498089766234,69.50637453782731,0
269,23,61.37748153576317,,76.2651054772568,71.24718250189255,2
270,19,67.75541886417732,34.150919230500875,82.70495631534187,,1
271,22,99.7364976242324,5.408742270293948,72.62226653213166,41.8493581606473,0
272,21,,41.42085376451174,72.46982733037854,91.56105913923075,2
273,19,91.34527353931072,11.02379371634689,64.15897685454702,77.35887655177947,1
274,23,,10.069577094935209,93.86357357356776,75.09317033432679,1
275,24,98.7004210479438,1.8146779570663476,53.45464816794254,80.97673684286819,1
276,21,47.451834694387124,21.364586240880556,75.38530228833909,62.574038178095265,3
277,24,53.697958756240055,5.577245313502253,55.1828674811797,59.9840667992335,1
278,20,71.82616647561638,1.770157444826844,78.02167818707514,70.7447295948277,0
279,20,94.57734035259104,,54.4447364591835,95.5214772264572,0
280,18,79.53562624045139,8.204254417138756,81.15723547750687,57.4688845726031,2
281,24,74.96427390670144,7.495051146585031,71.68157420236776,35.59401964787751,1
282,23,100.19066311197076,12.70659844747094,96.16958759888021,67.1789836227187,0
283,22,112.3285930764961,22.096236057354282,65.78470529092621,92.14049874352774,0
284,21,90.08385926620659,0.827368001805495,76.37449174371318,49.01183963468469,1
285,19,70.65718245348074,,58.305155793089355,57.29574594265692,0
286,23,73.72785448986092,2.0753099415526917,65.68160490338059,78.95320110867253,2
287,23,60.67328930364013,,71.58624219166529,113.54860553213003,0
288,20,81.51226133381078,17.096092146110045,47.09170116292939,54.626824972107066,0
289,24,55.55610521035509,7.782558342991005,48.73564098722842,54.04598862798061,2
290,18,88.27795482964251,12.387119433120626,78.99788949753467,80.08047553258778,0
291,18,110.08361068459931,3.773881506113965,67.80869767702481,93.07011659990556,2
292,21,90.76387369689574,6.370842867894616,61.10610200427967,65.63851931511435,1
293,20,72.96278419707598,17.239339059589625,58.945207293748666,,1
294,23,87.90406118947686,6.148263184240825,59.5226680641446,81.50623831329519,1
295,22,104.30800167748816,4.428527961865562,,84.2226209595446,2
296,20,103.55741952891708,6.816385540848643,76.67553796174285,101.67982689807373,3
297,21,64.94363162654943,17.61710995267424,38.61839155562164,84.85420668486418,3
298,21,87.65444584373485,4.082811404643337,91.19251085154838,87.42099114558569,2
299,20,77.62847764894703,1.908719189412956,90.12551144412988,71.06782284198141,1
300,21,92.0988987187053,12.448434817352837,35.04017854679651,111.62256513254202,0
301,20,85.75420930725156,17.485747732848978,86.28890044484196,69.02786984117294,1
302,19,44.45417885773329,1.0606907609808842,,65.82116817882344,1
303,20,74.77980370554742,2.742712183081353,-10.0,102.1427237777791,1
304,24,82.97837544344438,1.5311853406083515,50.54247067172685,52.88644081656885,0
305,20,58.484525492617315,4.276208615560561,85.22842137497608,,0
306,21,88.71533014798979,5.984753479202122,66.38153400553973,76.79335386897728,2
307,24,57.13977137409455,13.816106944838227,78.23318265728435,74.97395215086456,1
308,21,68.02341428874419,10.531063255355015,103.28801907942668,71.58168027674007,1
309,18,100.11967879550201,9.70030615348931,73.77755125935428,150.0,1
310,18,66.74333316703597,4.34443371406971,56.24672962422157,61.37690726567144,1
311,24,88.60950438802513,120.0,64.96403507620417,75.96250688437011,2
312,19,53.696394231369695,6.373098440439261,58.158319596385184,69.5984107104272,1
313,18,111.21971985147712,38.68242416594891,76.50234576172784,61.63172249839874,2
314,20,75.43169542269113,10.055103770097727,57.90898661875293,74.07239874058975,2
315,21,81.42981210421578,1.3497785718102526,62.90722866475535,87.78893704942654,1
316,18,82.68555194823448,11.275599445107554,50.733544383886,106.80852180645752,3
317,18,89.11350296497038,3.931966969196102,68.01869491721284,83.69128474348454,1
318,19,57.212300255207346,11.594048640248865,72.65132189953074,37.33747497897823,0
319,24,120.0,0.7218490506954433,29.728179293237616,74.42789871837526,1
320,24,70.11846761327965,1.9222819045912152,73.89360342220331,75.74704186354249,0
321,23,54.65664160882595,19.361190510181302,69.31449653354831,89.04313514369925,1
322,19,94.80683300193066,2.577085433067849,58.52512076865809,77.77215453734608,1
323,20,74.71740524600614,18.14257412112832,100.4294338640481,93.79633375953115,0
324,24,83.6378063841878,3.274991393787473,84.37714791407132,80.87505923422907,0
325,21,82.69768128092089,10.29688767750235,53.55396270772898,98.38197104246834,1
326,19,74.9772159143583,11.846623684296386,82.57355319356711,68.4188111992756,1
327,18,109.62541030446172,7.187824812885495,88.66747114031587,77.16515200945041,1
328,21,79.29103021056486,,71.98031383926336,87.39962303084845,1
329,21,56.63071523484999,2.390752601646858,75.42163055420988,66.41708894559835,1
330,18,73.99427959725023,0.3375261921056072,75.07520000382387,63.14980796878386,2
331,19,87.49606430168166,3.623286119012093,38.71276211615067,65.55971850469973,2
332,18,87.98892664055826,10.5889974609222,67.19695604724402,63.76176574366616,1
333,23,63.68328597107357,27.85549445909374,66.41630737023956,82.83842881312991,2
334,21,93.94223761017155,20.495292660963994,91.45233454839817,47.477879555481664,3
335,22,,14.52711024747378,75.0059179534281,,2
336,22,97.16202803924628,15.532813434137013,65.53583556824958,102.94119738535893,2
337,20,60.209781662938916,10.935796839216732,68.64812888513484,64.12354918538733,2
338,24,76.60632171486986,3.0149281329727016,85.35078372441102,78.00022276757622,1
339,18,95.9685301704005,23.772550921950906,67.23123005132027,52.66280373151308,1
340,18,81.79408503330605,11.108842174200689,59.52706700362586,76.41186401683915,0
341,20,92.25047776570355,8.219824878863804,,64.21489998477894,2
342,20,89.27992939564898,1.1764619788426465,84.11044215734023,51.553657527593785,0
343,20,99.29402920106901,5.924977233839371,77.44247358396905,95.0538065634707,0
344,21,95.93314776370568,6.168498248029955,70.66401960023671,92.73848590591307,1
345,23,73.19383537195337,19.992531918569643,72.87308949167246,73.38967813928976,0
346,18,89.49412450690198,7.910868989857644,61.60386289606777,89.99128549016866,1
347,21,57.101722074533804,4.786820564475785,67.0907589933602,103.5493903159074,0
348,20,79.13142638993322,37.63617160352339,60.05043517338224,86.31113899737134,0
349,18,92.2772710195781,1.1734379962675852,65.57831073550385,82.19519609264945,1
350,21,82.00771481369,5.49130698651335,90.19267395439937,77.98424544724965,0
351,23,86.69959597275628,0.4293325830688141,53.83192282934215,84.7424604728886,2
352,21,76.80091436051313,13.467049496631457,59.669235003656276,69.54120909765545,0
353,23,96.93604156302715,25.01970031163878,51.18551705596372,70.8504619625783,0
354,20,78.79376339436512,3.2855591491401936,47.936368642186025,,1
355,23,73.0182472639392,19.543372955128294,67.19842128707063,67.89202694760706,0
356,18,93.29776118853582,,60.7358622729882,69.51300490809746,1
357,20,58.922601164533106,24.165397846139708,,75.0027999695246,1
358,18,87.51550015276017,14.022688916121695,65.7573018073331,92.25911325889604,0
359,22,64.36272688659292,16.342777671764384,89.34095295145036,58.01004369660529,1
360,19,,0.18170646414164462,84.5200971241095,86.38767754057892,1
361,23,76.08459120129807,32.91724972436397,66.86568767163979,86.87694619205206,1
362,19,82.02477081229533,12.970790521646832,101.65203373128435,86.78718013945213,1
363,19,86.18855594966183,3.6348536139772296,74.02800979697213,62.89880429685767,1
364,23,51.05473105528764,17.684023716049076,92.69513899005983,49.60977576733595,1
365,20,70.24122737664715,3.3061907760731915,90.94895337371895,83.39550708617134,0
366,22,95.6531886392983,20.616317974144167,76.21971977657174,77.81308176620944,1
367,18,93.01647536256333,1.194373424810942,81.26696271708776,90.06564952144699,0
368,21,84.24548308092824,12.163355000441866,79.36107122679213,64.49194757985693,2
369,18,59.75804642861715,7.780483709672553,52.83607852912438,86.40177564384541,2
370,21,88.78255191287869,1.0151732152650952,70.85935531679525,90.81618168329118,3
371,18,90.70099385308168,2.7693183488830138,86.1137085091699,73.57035418425974,1
372,23,80.70525819685618,0.1248160847502802,,81.25394254897225,0
373,22,98.34756425887186,6.325563766602819,59.190404922520756,80.72949686286142,0
374,21,,,77.9324695271953,62.67795706455525,3
375,24,72.35213633750038,9.12192850415572,72.26305319916301,82.96644903426912,0
376,20,42.73082631371278,3.527367199452367,68.23188903127607,99.33747511351521,0
377,18,93.79741265221494,3.565593956246741,75.3400394383754,75.33305901813955,0
378,18,84.70792945205201,13.594312228270262,73.26996115999206,53.08612592022514,1
379,21,54.77269512300157,0.49340293239955363,-10.0,64.69160203628985,1
380,20,53.621015000087795,23.319623621911788,91.62575141425079,48.308558267225585,0
381,20,66.91054058943485,19.123275316140763,81.7619138629705,94.35391693569096,0
382,23,,11.02032179513412,74.65886888309053,86.46157944492143,2
383,24,75.49459267867057,8.994866400763401,97.96937585234619,67.47946092498272,2
384,23,67.92819625009513,22.284288904430557,86.64894393820504,53.72910117046595,0
385,23,,2.0497237608398877,68.61402342094978,62.50057562636265,2
386,23,64.23632063257719,0.8226176032410242,51.74319396470642,65.42584551454279,1
387,23,50.99482548338659,2.737925400343189,55.18253978619302,76.64111398530088,2
388,23,61.88906252530438,15.82690235862734,83.9984867247345,76.1363901479757,1
389,22,,0.35285543495326505,60.54531281120528,95.12147963060553,0
390,20,90.23934854685719,8.74205939219567,54.87916784332078,64.60867713452936,0
391,23,77.51415420280077,53.89888108860084,58.628720099692,52.377182184691065,0
392,20,67.61622735473809,19.35833743835769,59.6892353186395,57.64532287286562,2
393,20,114.64584133109281,7.369855720088178,82.75971501673376,74.65462718330248,1
394,19,,0.6575623215253151,67.64886886326586,64.06982899581314,0
395,22,97.50654371575453,17.800691543267394,49.414380995508914,70.61987181730461,0
396,23,104.31662836681573,9.137402575437054,70.46567346643535,68.18949629520834,1
397,18,56.450594935139854,1.2209192730281728,73.33399198672363,89.85357680557775,1
398,21,81.10944446110352,0.985584630744615,62.809947078387225,66.19551469361517,1
399,24,72.23699523637664,24.038077307843388,87.3382762628905,69.33986884578285,0
400,18,,11.06242110688051,63.68591671461573,85.75925371738164,0
401,22,88.33065225210362,17.677703195224048,86.62506529955726,66.52527133451886,1
402,21,70.65694255365074,21.117903707549416,78.95174169512464,81.34818561685526,2
403,22,72.56046430510294,8.481003370649201,83.8990826206661,79.97227893032638,1
404,20,77.47827656562059,7.286631763115787,53.52173738790408,77.12648788441619,0
405,21,74.39901097435146,5.628690420945743,71.47465288357154,57.984054259402654,0
406,20,62.396446894818126,3.8118222011338316,69.20757993137846,,1
407,18,91.93859757271211,5.702146898831338,48.669902126387,108.31025694874671,0
408,18,95.727964077614,14.86687924666726,86.57591094704364,75.13242207401092,1
409,21,85.15427884302827,9.211109078171102,57.738986546389754,59.304676899444374,2
410,21,74.35171023466602,22.30481105629336,60.85648256746026,75.43654062487533,0
411,23,69.42183895505329,5.85872523921944,,,0
412,22,69.44569905610331,9.341736287652889,80.5177948910556,65.7721848642659,2
413,23,115.36064547549063,9.977924596909265,47.11105421841106,73.06651223822716,2
414,22,94.06757452349966,8.957461306595128,,80.10981204618211,0
415,23,67.39834882124993,12.127908125529778,85.66770979365191,93.04571778308888,1
416,20,82.47046741155711,2.7106551971661275,78.0576764143864,86.63135599634062,0
417,21,74.56197462350957,7.181855969024139,80.68942725769644,87.25301954298394,1
418,18,88.75700564234435,1.1006579347833083,81.39319704367064,68.60597164985361,2
419,22,88.15248654184013,4.8533873749905965,55.75863509911353,81.02878432760885,1
420,22,96.25414480858207,6.687806086687532,91.52102469496516,64.17055009312307,0
421,18,67.24165312006707,10.561974309192884,63.09885618799752,87.68289149827817,1
422,23,81.57102947957196,30.06410131231943,,92.2682946117842,1
423,22,53.771795225637106,9.179197243331002,65.01044022473562,83.30045353158934,1
424,24,61.13989549356733,13.60992826356592,77.37313181315965,69.48884119807776,2
425,20,120.0,7.0575848885567725,61.92944135293867,,0
426,21,,10.054062247174016,71.00373586356054,102.09774315993015,1
427,18,67.38636802928218,0.7357357849613004,51.46984274280993,69.73934333064756,2
428,21,79.87582888174926,,87.46997812752358,90.74991251175852,0
429,24,90.42141546269809,4.491867607094905,80.06111418925305,80.08337397327783,0
430,22,64.08759806248855,6.395938165672087,65.61610357147346,69.98795327310236,1
431,22,,0.4672348400234121,62.96276454961284,54.830264587958624,2
432,24,66.94665136784732,1.508509105379972,79.66942369476546,78.17400570882761,2
433,18,98.08442116929255,3.2408925410334115,59.39059929046057,76.36651299909184,0
434,20,85.1470257652531,35.58998899231591,71.88047973647754,102.09802007189,1
435,19,99.8581220568082,4.02490048644112,87.4209818114711,62.097109568662525,2
436,18,63.02275786800956,6.5785930262875105,57.83114321294211,109.42152887321677,2
437,19,55.40905598503916,2.18277550445643,75.52901243680304,80.6821579424489,2
438,24,86.93822828971311,9.436107251399159,74.73587900403238,80.66743831833237,1
439,23,83.6003410652757,3.294534279114121,68.53994772005976,66.10391798351655,2
440,19,84.58331480565887,2.319226985492502,62.44315623844095,79.72059461331703,1
441,20,93.99494963975852,7.268541893244206,88.22195585341578,,0
442,23,86.3252738586839,,61.036470463495505,89.05990937731315,0
443,19,86.08426389710569,0.07693552270400301,42.8194164830557,,1
444,24,90.72510520701711,2.472682368674306,79.60800387446551,96.10171283682058,2
445,23,87.53624948280542,0.37412565838195827,51.98044975348249,80.42123285657969,0
446,24,92.86168897576108,1.1431801916276623,80.37821717282631,84.12343342960968,0
447,19,95.12781237167873,4.137906434050309,90.02354871765166,71.68586607742859,1
448,24,102.97533201861373,16.224506094256462,79.44624817598012,61.077860425814244,4
449,20,70.26213012644482,8.487457425913128,,76.09086941104931,0
450,19,87.20843161116122,7.188091009880626,100.3007366039447,77.80943324734828,1
451,19,74.44514947104055,3.4741625703664742,84.5014069391342,54.218575978282644,1
452,19,67.496615190811,26.84632343586216,74.95860088938154,86.89928107747687,1
453,18,69.6568951837945,5.058630265746683,94.50922275285473,89.94786950844872,1
454,18,87.42433276342288,0.9112101011657558,96.32163317269877,64.05503064268309,0
455,18,86.27378832179001,9.59893976209954,96.53157674889131,59.66121974591863,1
456,20,86.00618043857655,1.2085594487066291,62.61784727205996,70.45557934688549,2
457,23,76.61429528646,4.234607774232656,49.68972462252394,75.3584264547945,1
458,24,80.05122126767615,7.0808202971974605,61.702117248476696,71.03743485126999,2
459,22,92.26629043814074,20.732410022989164,80.55462423689762,74.08623250843826,2
460,19,57.65910410526041,6.80322924655953,72.38738417998158,78.32216546513874,2
461,24,80.36963147642876,12.115305120925102,66.90278522234729,54.475965919115566,2
462,19,81.34934222190185,49.3601574197811,78.40722098207404,56.20056559045103,0
463,20,91.29956403616474,1.4097516591598156,47.937923774900995,34.16583388615283,1
464,19,59.746273820857624,3.212133830469017,72.11753948037313,89.13817842680207,1
465,18,102.42700618276118,5.01826364836475,86.77686467271815,75.22840530926173,2
466,22,83.20445636642765,5.47884185521464,,,1
467,21,83.99870820042405,5.293648774062828,80.37714732750592,57.93393006282912,0
468,19,73.97930364001661,23.817473827119144,93.96059184928772,75.36611009299743,2
469,24,88.07033532195265,12.518776161694253,69.007850726895,78.22239759174902,1
470,18,80.71931075424658,9.362516676317526,60.20362507974495,66.57326257754977,0
471,21,98.134729161597,,87.84272563997563,51.69858302299811,0
472,22,58.37758627904577,17.360809938777113,87.56680946550891,101.18807004202736,3
473,21,82.63318744835762,31.02438393798156,78.37437512133695,95.98925011905077,0
474,18,86.1276852256614,17.214778108650663,67.59443499126327,69.27101592411952,1
475,23,77.20441408455362,0.015663312480417482,70.02069476511977,82.6534146775441,1
476,23,73.9300126503943,10.117046850671212,50.8484057180337,67.7281398546466,0
477,21,74.55564081546939,0.5248914749504456,86.69419795310804,60.06894595462879,0
478,20,82.61958904051743,2.9787682322247564,86.16476964293716,102.4089225743552,2
479,24,52.85061648528941,0.6136989358196631,50.32475874299824,50.16946677891298,0
480,24,94.47522441594845,9.25824668128792,83.01448125859204,70.71744454543328,0
481,21,72.79802198456224,11.602427654447604,76.06152482513512,76.2648574086335,2
482,19,81.91704046050174,1.21588861456813,54.67038834413806,99.7685486803093,0
483,19,85.50653400182101,4.842467961493605,51.90999698391296,88.44882981354027,1
484,24,72.11291919030565,6.092408857707893,75.60239904102583,49.91625338149022,0
485,24,78.03442389501507,4.605334481187394,64.03443829139623,74.95874638448727,1
486,23,49.47139639061744,1.289988236641173,,75.31590297546539,0
487,20,90.98185410999608,5.429146641838808,84.28897591973359,71.57492497050836,2
488,18,96.20103500483248,13.910176897280738,77.10539705098341,84.29713661295452,1
489,19,54.4850967209187,0.7365479050723611,77.84618506003592,53.86339608366035,0
490,24,73.90260684955607,0.8357729556475979,,68.87046131194995,3
491,23,61.55195932638778,4.381504387364304,82.69777137591007,82.18228122319613,1
492,22,77.33389517768892,28.42594305527841,77.49649657744034,85.19363527740961,3
493,23,89.72954502081441,11.043466388409175,55.29608235553735,77.24129210263796,2
494,19,94.80963348884937,11.352865116996828,115.92920448109328,70.67411699549551,0
495,19,96.82779784140273,4.492915972898056,53.4522586403765,73.20088089560291,1
496,23,99.6581573703832,,65.31185894349753,86.10610683565855,1
497,18,76.66380832316652,0.10182853752543086,45.17907585385004,75.5085117618819,1
498,21,62.795620568998416,10.108653099260426,78.08197238153893,59.37228681839207,0
499,19,78.28114549538047,24.451508595398124,72.2666565592721,,2
500,23,89.49901253455364,9.482290438928432,81.4791465754714,52.65543867845836,0
501,24,61.591103286187135,20.690841132375436,43.91401553343349,96.83371227734031,2
502,23,104.90205430172364,12.872567929071607,86.69358501071397,87.11192753418668,0
503,20,93.46832808140513,1.2846813702599704,57.88846897795578,73.4026817522918,4
504,21,76.90149247353007,23.27424115981774,67.76492200954202,68.19311272253874,1
505,22,69.33692104383138,0.687541617901371,83.97356903021597,66.39104988048963,0
506,18,69.96318378331036,7.634998458928469,73.9190002619785,91.39855661373315,1
507,22,81.11309320700234,1.533110102075156,74.97913835000296,103.56650262262112,2
508,21,76.55896095904471,0.11775672614482025,81.98768229858099,65.91910614108691,1
509,21,94.25754132923937,5.482406856437376,76.43185959908087,92.07623280983564,1
510,21,,3.4961521919037764,64.88338146176925,75.42019373038333,2
511,22,87.58252715917237,6.655329742231592,67.50296307647156,71.813566051343,1
512,24,79.56612673737695,8.608557570924074,73.17818017977734,,2
513,21,84.04504036095607,0.4472446625591256,56.56665859680498,74.84751418885834,1
514,23,76.54915346605426,1.3125204388468148,84.94012989083005,79.44546658881954,1
515,22,90.61573311874432,8.178998397282466,74.32980896211227,78.72410899367169,1
516,21,90.83810120435116,4.203260161910579,71.12164401882953,50.61600950010822,0
517,23,86.89893538733216,13.062768385614582,87.88744838547206,79.32616723074092,2
518,24,89.11271490724256,10.563912212517101,68.19829535182946,66.55961963339651,0
519,20,65.83446833685421,18.682368994973682,67.26368504271375,53.68270289781568,1
520,24,,11.792568641026975,62.730568539940535,67.24294379326857,0
521,21,98.738026512313,5.619980086040062,75.14600513388903,67.1191669554458,1
522,22,87.37106850529246,11.17693041105615,74.62675162497273,90.44823808695497,2
523,19,64.53923745797715,3.221095199801293,60.0057369923514,59.043155758469524,2
524,21,79.25350235526373,3.657351478809945,67.334590343299,63.15228841426118,0
525,19,85.62466907509564,15.558268158503171,60.10596597221151,78.53082390822019,1
526,23,68.63900724652537,5.913481289156754,59.42697319276765,55.11309342968629,2
527,20,,16.013722302693466,44.0515325240973,65.114898626515,3
528,18,75.2585319734521,17.283474342218728,66.53634619477667,50.032848970001666,2
529,24,68.88751388048446,19.488508322579456,,88.80017190008094,1
530,20,79.78566452915047,24.84529550993177,63.057764704907335,70.47955319339721,0
531,21,56.128930287555676,5.638488706998093,60.80958031183587,74.76123232496637,1
532,19,88.47051593804234,3.839974241431472,85.77842585898406,88.74015479686635,0
533,24,70.48092447059965,8.727494298500833,54.775977905355376,64.1659667451917,1
534,19,94.93628355022034,4.6389818297259,58.58220422778287,70.32019487027993,1
535,22,75.84651740305432,9.189797610752633,,59.155080010413876,2
536,19,79.6191643042327,12.227678723694611,61.29784522745836,59.12244418506282,3
537,22,77.40447681954623,11.660510706740872,90.53882196132814,61.191256589911816,0
538,23,69.67760464849592,4.692885042407799,52.92148940425571,67.61264413749502,1
539,24,117.0841919340899,1.8255382580481638,64.30893251521238,69.22806698740402,1
540,24,72.56200732989073,5.63048013597861,74.9809787374661,79.3294822634757,0
541,18,95.3528228369849,1.5384389498610052,83.2177501456301,61.631745779371506,0
542,21,63.59556580904908,22.081574405370667,64.29637666104695,79.79449013876214,0
543,22,85.58197086639741,4.2446057617394,41.22850599244312,82.27501937284842,2
544,18,87.18308245897754,1.677795035251999,67.74843667621742,67.98266725751601,1
545,19,79.63734534352805,0.2577715439667666,90.28042714271072,62.929131413724285,1
546,19,71.4349292054064,10.379567580206073,74.2328111114564,76.27618547969985,4
547,18,76.05017146079054,10.1308338299682,73.54626793539899,71.95623805484333,3
548,24,73.9506574704032,4.164312671107416,54.05473012634505,78.30527743910318,0
549,19,116.03039422753184,0.7441312977627452,,98.5479965438995,1
550,23,79.66095365832771,5.270039481117462,,76.02955572641574,1
551,23,87.87333167995925,3.728297255282833,48.60431616577888,65.41154158079802,1
552,18,106.7243763563805,11.304765231587016,81.72043333543766,61.63665582086912,0
553,22,66.85521998038728,9.308442460058355,57.300306267004565,62.21697553017624,2
554,22,80.56490349751907,4.534906865588917,69.63014078902759,53.05850539333319,1
555,18,75.96220802477916,2.457631492242483,41.71349621868637,88.99115412518368,1
556,22,78.70792331774955,44.2585030936453,64.0929719733474,41.50081770966354,1
557,24,77.31482049323772,,52.21209179304695,82.32157226578958,1
558,24,69.02184371554674,11.656314385193248,35.17065373987284,61.97904139987154,1
559,22,,1.5146608209468253,78.12763134004476,67.31392178063824,0
560,23,,6.647340822689206,94.6173930863736,61.53018537683417,1
561,22,94.83324105963527,0.2792296242292531,86.94210384015919,96.68796989463047,0
562,24,89.34964709981905,7.0411736947070205,80.22536034855707,75.24473402528665,1
563,20,72.59805775453977,33.24719988512149,63.788182480816815,86.85567787564278,0
564,21,73.3252501793921,4.8484394479474195,82.08835342821739,94.50790287894009,4
565,19,84.1326584352238,0.39776720774783136,88.35779797860592,77.45108211033606,0
566,20,68.02182026590727,0.31445044725836535,72.0523274450694,57.065643437171815,3
567,22,107.17970186202308,4.910013626300815,52.234597415319655,71.69035874826342,0
568,23,85.36888593037654,1.7438307385113085,62.50923552112943,63.866279796506966,3
569,18,85.89894727075516,0.2362907708120056,95.54044732521905,67.44743757169051,0
570,22,90.22167620535929,14.114629041429104,68.87883747774751,73.58064311026067,0
571,23,71.30805088894894,6.134547044538153,20.128664201333557,,1
572,21,96.3351497267716,,-10.0,81.1816374153043,0
573,22,81.71800049323195,23.03417269321543,63.63326945286278,83.3595644067073,1
574,24,,1.2345542349786531,85.53737857626352,72.98782235600314,1
575,18,77.03070310147504,31.217225481409745,65.90316471389632,81.05203377161877,4
576,23,99.75917340096778,3.7682913549052626,85.8164748245989,66.75960217596838,0
577,23,86.02015440537184,21.92867135568108,62.10756469678766,94.72169738394756,0
578,23,112.73760536265631,9.236751206847723,,66.5173306767353,2
579,21,74.45717574766655,17.52773551376384,62.62658262102873,92.95779726933642,1
580,22,83.06824094136118,41.359895960002824,75.17417502319428,52.85899362342417,2
581,21,64.52635629694763,3.402469648986117,73.9292552401197,69.29389113883731,1
582,19,72.0605264368067,32.47673665959655,51.17338376115046,70.03532739579592,1
583,19,89.28029821771858,4.934473296916218,64.73205697294352,79.18487692122712,0
584,22,96.93986656309251,4.869657232099602,110.2701135709611,87.92725204828236,1
585,24,124.47515527581083,4.161021376304796,51.50096760554685,56.259071954107085,1
586,21,78.55056640065169,7.795934968938802,79.91085091695624,,0
587,18,66.00179888531603,1.674073799118866,38.54986452145307,53.97137898425643,2
588,23,91.29988640565863,8.067896422915673,82.95687736854492,,0
589,23,63.082591692480406,7.802417880895128,56.6151191471733,79.46407414195684,2
590,22,88.46416082040105,14.350721383064958,76.0313238730441,58.73443187314316,0
591,24,72.46616425708814,17.936610477084535,50.627115973476975,68.35357689065894,0
592,19,83.1739245557059,5.806069315450655,74.36279200265061,92.72642093492242,1
593,19,96.36569153247001,3.6001372482894665,56.37024556387843,70.82821154533143,0
594,23,78.33899856378956,3.002067090421373,59.27427725550062,69.9421779331324,2
595,22,,2.164458271101219,76.62979009592546,63.28054939765412,1
596,21,93.09737822928723,0.5937595780838081,63.54421785404476,59.625115292718554,0
597,19,52.03502707536358,4.192313984169898,75.70572172324466,92.74985715664735,0
598,21,66.47598880946641,3.1505010670516898,67.13738022034974,100.1085238311309,1
599,24,56.57289707906793,33.937467824296604,71.01240521870912,60.222083958189785,2
600,19,110.02605653795203,8.157868496541154,76.67629707030102,96.0741349382718,1
601,19,78.4191211184401,4.266024955171009,64.7497231811329,,3
602,20,106.71243819449964,8.686145236225727,,83.0047199305333,1
603,19,55.505715791870244,1.4988925750214477,-10.0,96.15320707221612,1
604,18,71.40847363177211,5.87065673442903,87.92708769750153,72.82385106444552,0
605,22,92.00747362648958,9.841262057820114,71.74259626114825,70.08087119598962,1
606,22,82.68911906640027,6.711857709794751,57.32652319884289,87.01621445682278,0
607,21,87.99289839220188,5.13794694855752,76.02340912581577,58.35070744445626,1
608,24,61.192876493101146,50.91041263942461,77.02473377408707,92.20592066760645,1
609,19,100.65205239318394,21.228900002467967,77.79998613696716,77.14214088663874,0
610,18,91.65524143635933,9.765874838068079,,,0
611,21,,8.425231203811368,59.76413508571157,,2
612,20,69.71584578377288,9.693236433199543,59.84756175419483,54.24806232257451,1
613,21,84.85700191408918,2.2478503258578506,64.59028131900712,66.95741750064016,2
614,21,75.62765031509764,5.027545216901968,78.08378777715602,71.03943357008399,0
615,19,55.24263184943357,0.40259166365760213,74.4427720709652,59.08059702432777,2
616,20,79.24365722417768,6.453976290435795,75.62825435735743,74.31802535806493,2
617,21,77.64904402666211,7.831256837529745,90.31028713557285,82.09375626788244,0
618,18,95.9360226481268,2.5844660545894573,80.33336398737444,71.79791796000872,0
619,18,46.48360336528696,,67.87297562505869,84.940887397789,1
620,22,83.52799743282051,24.01904017398643,52.2417223592125,62.892900255309954,1
621,20,62.66647927841424,12.806495335237951,59.28179487293694,90.0507414632991,1
622,20,84.7883501329332,7.622542630659325,66.0744239848266,76.82722058662287,1
623,22,85.6142008336596,20.399836231826207,82.43694741004171,98.17885754632115,2
624,21,78.69732834304712,1.4001216907623093,69.5900209884086,111.21325968358099,2
625,20,92.10939687216626,15.63078291428235,60.15706067667335,67.94634611545078,1
626,18,61.313509113504516,1.3332662955202386,59.00660671409161,68.56404184647813,0
627,18,,15.809022671741687,68.95632686618161,71.30636817076923,1
628,19,69.37881700708787,3.2264289979134264,83.3498134332565,83.93553375263272,1
629,20,56.66152024265156,20.96307625950449,93.86528958662676,94.88954955712634,2
630,21,75.91406044250286,,66.91347102955498,65.20787273745294,1
631,22,48.57263715980022,1.6110342521460956,69.32885228856102,80.71866399717109,2
632,22,83.81260838369303,6.211532794591166,51.79087440763925,72.96109065216349,0
633,21,76.11124336129662,39.62652213142971,99.08788853649199,84.27163653810882,2
634,24,98.50530382064053,6.605007924873812,,97.64186540111535,2
635,23,89.73386315760493,19.917788752652125,87.57493467670825,71.39507643850477,1
636,19,59.12005494217985,8.885090469242499,64.51996070481295,49.95198499989404,0
637,22,67.42418763323172,4.705316212803642,61.009502592395215,,0
638,20,87.80996630801313,3.3656921906007593,53.349946421711095,62.50942172091821,1
639,19,92.70618514977552,2.271805529083864,106.150729741107,72.85326394554333,0
640,20,98.3375137233032,14.346370292169555,73.32237434917592,86.80546255307421,0
641,24,120.0,4.886410428023759,70.31920655656096,79.46092280296662,0
642,18,78.65716084628141,7.159562656140621,83.30098539331814,73.47419961670433,1
643,19,85.43983433376754,6.779147454089091,60.23750911555055,66.36177431312518,0
644,22,99.48107755915694,8.610429611735501,70.02768932846509,31.50159329587502,3
645,19,75.45037307096078,20.06764817913147,70.84504430218182,85.47481223634303,1
646,19,85.69589280410186,39.49690791335683,62.317814014778,71.20572451161354,0
647,19,,5.2354654024866685,87.99457118778871,97.70004417533588,0
648,23,71.73577828301859,17.574677418973533,66.72018382756144,80.97042044942805,1
649,19,80.72577677428706,14.461623965025863,46.70301919946756,66.88311941197736,0
650,20,69.68684822990613,8.522107958446627,,91.0030513256406,0
651,18,78.03626040845376,31.246376651979347,73.73768007570845,92.26694108937285,2
652,24,64.47567703201801,2.2373687170445016,56.59760149168588,71.71452278471283,1
653,21,77.1500841922643,1.157074278197645,57.781078102443416,92.90467298359842,1
654,19,86.72585440423792,19.238881908927862,61.80611442810939,66.6703791692093,1
655,22,,5.7830146194747645,88.31853490100441,77.39471654111854,1
656,19,80.13937628796369,18.771138110325932,62.69262966031441,83.57112581578171,1
657,22,82.09013890431896,22.35769839287117,91.43675527826547,86.77172376021284,1
658,20,86.78802337732002,0.644932886875834,60.77574342777496,84.32282772923836,1
659,22,77.99630238042177,21.49561588070323,74.87521204384812,,2
660,21,96.28799512801709,5.9478539866842475,63.30635988670373,91.40546461037162,2
661,18,48.48621707822123,7.142329082461058,81.31124755435708,73.13359015340372,1
662,22,124.0662927075166,9.85084992085302,53.22588768152081,66.4645895658721,2
663,22,66.93299353943725,,81.14289219365847,66.68493049030003,0
664,18,86.05085035031117,,71.70804100464525,104.09982587214503,2
665,21,65.92298134691227,6.478745639378233,60.40012274833826,63.87024857862083,1
666,19,89.66402239263952,11.638615981336585,,94.3745284014067,1
667,22,84.14853728892392,12.826804175451045,93.00782411548262,57.96799956284745,0
668,18,70.23929693982366,11.793856657111078,,82.3185816761128,3
669,20,96.09631018115469,1.4437295559530932,59.45907976131042,79.45625177236252,0
670,18,77.54058680597119,3.5581187130977403,51.929600757578314,99.31840319589341,1
671,20,88.20823907085506,4.442821224093347,77.58106410146496,65.18397157247227,0
672,21,66.24260292205946,16.318737627865215,72.93767870516028,61.040036730594196,1
673,19,79.5366854664263,3.26783149176632,80.42531042632335,73.25234432479527,1
674,18,110.05110900773157,2.3661509123624853,48.06662890465236,99.97202743860679,1
675,24,94.44448293671195,31.57028868950008,52.4160932066275,61.73762280084348,0
676,24,120.0,0.08902797672285237,87.2031879887785,36.173750516937005,0
677,23,73.26618758585306,61.28822993904087,74.97012470169011,75.89651756059924,2
678,22,81.01247803812514,11.295498544367533,78.00101276856343,,0
679,21,82.96348985258572,17.6299301643837,,59.79291101040206,1
680,18,86.73842652379618,3.490177585049206,55.28519202506622,87.71898260029896,0
681,24,63.85009237733502,0.1441872973801152,84.86887987288134,59.461335224813155,2
682,22,90.02611941413548,13.389128784347005,85.57566482147723,72.80162196462481,0
683,24,,17.96638936493401,53.67520769456419,86.29023472929086,1
684,18,,13.489066035480942,50.80944256220732,57.18801897392342,0
685,20,68.42557516374683,1.541426817102217,68.37110543931334,,2
686,18,84.44942479514263,14.001009236042542,58.009773199359906,93.22460266938356,2
687,23,95.07713859917027,14.650033477280164,140.0,82.10901148817027,2
688,18,76.21429934803325,10.74526247331881,51.22932630358911,64.19060913613848,1
689,18,85.10900028649787,14.529297256924131,62.9734922757945,97.7807752907519,0
690,23,101.52772323785078,18.702926746788048,52.67957886050701,84.87588767883736,0
691,21,88.46604481839898,9.508928243129304,53.568986454861445,47.0932800011354,2
692,18,85.33325944511529,0.9277857239491574,74.47587769849457,87.9636542210134,1
693,23,54.72821907769307,6.687039837876222,69.17202648568936,66.42938621374084,0
694,22,65.99416620889666,0.8082979657432533,77.27318022298198,77.94845321463697,0
695,20,95.70380191475019,5.2347703482533525,45.264498469760404,90.1200600643989,0
696,20,88.54925458012073,5.227404730506311,70.14820914744645,66.7559312300275,0
697,18,90.82199410677612,0.6828938057355076,101.13456313248757,50.316110789372786,3
698,21,89.53095398322345,,64.415912735716,97.58317787858742,1
699,21,99.34634792563061,1.1765590487807251,82.37123509858446,92.46875206802922,0
700,22,76.07900112567316,16.514857100754803,82.24010273161635,73.69115980225581,2
701,18,81.80749938183952,29.505299850619984,82.97797912001913,87.80132177238173,1
702,20,,0.7506463373245577,72.49992530585985,69.45919901904473,1
703,21,60.82966124845436,31.036562340686856,78.49128974116321,76.45455265141274,1
704,18,55.34388926617913,7.3935154938876115,80.48520430019508,,0
705,24,66.72254751500229,3.5605467627860206,,70.06583871964047,1
706,21,103.28842723234463,0.7997662473957208,53.23872739729906,80.38953870128633,0
707,23,56.709093982759434,6.943964967713936,44.3892327618402,56.87731764531618,5
708,24,75.44696021634203,15.823848901976179,46.69624684877789,71.22628753851632,1
709,21,,12.278778577836498,65.94760011426004,79.71719208725108,1
710,20,70.98539055494959,0.5153122949604646,78.90890101633967,102.57151061942454,1
711,19,82.54540688528029,0.7569582405825248,53.43383083732623,57.48698677030956,1
712,24,69.49826190192488,5.156259312160877,83.85955687876606,82.80829586598641,0
713,22,96.34497297524692,3.49969609380049,62.465872382381704,84.45223164641791,1
714,22,103.0096718127435,2.644660917325595,-10.0,46.84921903975895,0
715,20,46.263564079160915,3.299001784555116,57.458395061805994,81.15798021613878,0
716,21,69.75511504473316,16.27005031156716,41.728204614755896,88.20427618475671,1
717,18,80.88713183408633,26.48292594543428,73.4397119265197,83.82979019073652,2
718,21,96.89175539023071,5.193664841775336,95.69001569257853,73.74109117690988,0
719,20,73.18633587270106,23.6564206824289,69.06003214701155,79.99860054783643,0
720,22,79.70096907131284,3.8786446405724955,42.24052537457722,77.54767045873545,1
721,21,62.64883662422077,,81.70514217424669,49.65813992527208,0
722,22,57.008062216064815,2.5622087097278863,45.62803014845517,77.89980487131699,2
723,24,101.680770343744,10.229744619715447,51.864484045162214,69.49394391027491,0
724,18,52.63895189160595,38.62333967976322,66.42492741529644,64.42766743503026,3
725,24,114.92928512632349,9.25061825810096,71.84265157810297,112.2745493037998,3
726,22,90.87727099072612,4.428774286066842,54.87003998249757,93.78923579429336,1
727,22,90.19959613275134,10.436056184754838,65.8402591515103,57.74741909528419,0
728,19,88.63203001241645,1.3115784425231067,80.72743601141028,80.19954294848759,1
729,19,76.20971467998554,21.951584356663062,82.78268327212028,96.87037913346487,1
730,24,85.88126794551304,6.993341822032346,88.77184632721396,52.55701268885997,3
731,23,77.16654968323287,5.966554119061018,98.6412797844024,,0
732,24,,8.815627605399603,82.14833982491675,76.86109088579241,1
733,19,79.49470209636927,,66.74895228393639,55.882606762514655,2
734,22,65.74477725347398,0.7448198725566497,82.88970686684459,80.69325456918344,0
735,20,66.94141075607365,11.4764672952438,77.00074351007773,91.74369585777188,0
736,24,65.23591437061245,2.7698176589151045,77.59550466289382,97.62071387128731,1
737,22,94.56351097901464,12.515978612695335,72.65828177607528,71.25953847561081,1
738,20,70.73830081311353,17.289807139817192,56.319188467691404,150.0,1
739,20,51.318452583727094,16.294289459954793,54.578553882671045,44.13049869904867,0
740,19,85.95257998773208,8.040809030749026,68.54322698387286,80.34325064721693,3
741,24,102.71776343884372,7.343231800466302,72.23365113769557,,0
742,21,91.5962478376629,1.541726349642509,59.808386156024305,76.3527395624535,1
743,18,70.95014652167431,14.931945076374282,76.35012922912863,,2
744,19,56.19782426607367,3.166432691086065,101.21148856058784,82.60316184585842,2
745,19,77.98597844963734,6.865597708997226,43.83503921082614,73.0967892884671,1
746,21,77.61164182854935,3.344579966637421,78.73366716345642,150.0,1
747,18,65.4620058452935,1.436721949072962,69.01038068663784,,2
748,22,88.26555953363805,9.930575734759223,76.75983333001982,103.9868924617433,0
749,23,107.6993975124571,0.5586375972591637,63.539279493095634,150.0,1
750,24,83.33424076187426,13.808899279180803,67.80910172429249,49.46806940192418,2
751,23,82.40714310498268,3.8211993255389656,71.9425067651215,83.26181602675146,0
752,22,65.94157926749266,0.001347020764026737,65.47549174697109,72.07985006463004,1
753,19,100.96122054590558,7.1565691280444526,47.19188023945152,75.06901630645709,1
754,18,78.87283749784974,0.47984992361252177,66.49127454033321,,0
755,19,71.31555117208744,3.231981099097797,48.753495577057095,92.74840760569269,3
756,20,80.95532590477424,12.275024255933232,79.79789665870464,62.11780908118966,0
757,19,87.07941999869914,0.6474080465882679,42.01682348382816,74.55387518766925,0
758,19,82.08823112967355,18.284555642147865,85.42981569183834,66.80833495892145,1
759,22,98.09230093505887,0.03827237196396057,76.44344500305219,83.95293271611393,2
760,22,85.75957328820293,2.834561730914955,76.50082923600841,71.51543259395746,2
761,22,75.74087283676198,13.505568463111041,37.53535198228241,75.43877219552813,0
762,23,86.01788324490335,3.801923951197497,65.07100842862666,70.94584858484752,0
763,20,87.49455651688936,1.0746538274379351,87.3034514298979,73.40820726646002,1
764,22,60.55436121104237,4.46652667564808,62.22088031454558,100.56976508892203,0
765,18,97.24129592395572,3.1524963848875602,140.0,110.86149247151586,0
766,23,75.48643970957961,18.49676137137029,60.449948574914316,80.65638140613714,1
767,21,75.87015164741855,3.7592754529383976,68.97583566040993,73.50045330274645,0
768,18,91.27063980613919,15.555771577313507,57.229443245307834,51.06544858665475,0
769,24,91.20747836389373,22.244409077040284,88.5072584813394,63.5937270028294,2
770,24,69.48752481700872,5.688386725432963,,73.0989594632114,2
771,18,92.0435242721853,24.073140731611964,61.666459780781075,64.2740516904386,0
772,22,71.59327772765714,4.737194105595161,50.47984709746631,65.85148855692117,0
773,21,107.29359570047984,33.26416952168716,77.26669907918406,98.63084211084248,0
774,21,67.57709028101354,0.9353024181236151,76.92499442067044,75.43186220607723,1
775,23,83.59216192558844,11.616136446599883,58.11686640722962,76.77317987102906,1
776,21,68.2697354463859,6.808511682311532,36.45506457528782,64.8871415949266,1
777,24,113.34043443702612,4.904493137625131,76.16143284363827,92.6631708715438,0
778,20,61.43268583869326,10.016086674053277,67.19794913108497,71.81132058017148,1
779,22,87.86544120879365,12.169131426351242,75.04106751888503,67.18704502273715,0
780,21,68.97634378283301,0.043728164917464125,99.35761800459457,51.28873774035838,1
781,23,74.6883853782802,,,74.0834712937295,2
782,24,86.80306750617764,12.484335312686664,62.29242074735842,66.71912997333898,0
783,20,98.36876656439215,10.977688851674722,52.7901704852749,100.26869619025348,1
784,19,104.35094843448569,33.82792941040541,65.31367312757426,102.65848038002926,2
785,19,56.94578059960519,14.314498577567406,72.40866024423462,56.47079257850588,2
786,20,84.01626836546693,30.113070883768792,70.79961130898141,58.16770143178504,3
787,24,101.89240405075282,12.124772028770874,95.85198010100655,70.85520547310328,2
788,23,54.720335918570896,120.0,77.48628348198915,62.759431569085926,0
789,20,84.7157524108227,1.113393782120359,67.97798692739185,78.2612486353007,1
790,22,79.96874303869724,15.224525761144807,,70.10064766371649,1
791,22,86.21812721569682,10.33243797452025,74.0000914567498,79.20798510832887,1
792,19,68.41543962010287,0.49385654451541994,56.39487762426011,90.24140282470451,1
793,21,58.4657175767984,4.46365958707757,72.69746619306859,59.03667734496739,1
794,23,51.30340362231462,31.419105125441146,77.31120890357265,89.92816833716098,2
795,19,94.64575930193155,6.939497939883505,66.75321665842829,,2
796,21,96.56073704725031,5.669183750725491,,107.22724273723163,0
797,21,84.54028023493979,6.119351970499989,37.22054728997641,99.31463949374083,0
798,22,71.98777475467855,,87.15755089630586,73.30379496170647,1
799,24,55.65431159801382,4.599854525591701,76.04950585367922,60.54624833204938,1
800,18,88.45018193757537,4.617390844520374,76.41425922377174,57.67701030488125,0
801,24,63.488310757449725,0.5377534073609781,46.57971496334051,88.10442753111795,1
802,18,69.33052062859193,14.591559716130497,90.69758049610085,74.54395850204253,1
803,20,71.20153880655921,5.387184226637698,63.021747000728794,88.90300328627937,1
804,22,77.03697161454548,17.26982839782898,65.6680704595077,108.06343453943461,2
805,21,68.61439329187027,,53.960697168717616,63.44425591925815,0
806,23,80.50188156488454,2.382496443540625,43.19581402990228,56.54792634362868,3
807,18,70.67272549240413,10.710559234713095,87.3601946758535,77.88840351798939,0
808,24,90.52059597258834,6.391928577607432,89.29896054096437,92.17139417178446,1
809,21,95.4659437098208,21.215705393023597,67.51707772970009,60.89309565321364,0
810,18,81.62814014042658,2.4301554696629726,59.80923145290475,75.5193710813887,0
811,18,,11.326237783834447,64.34433746298613,95.55065491756486,1
812,18,111.76783924438834,9.358612978430902,64.75577514946676,50.506832422644415,0
813,23,62.410951147080254,3.4998519539015898,52.00210416730603,78.5297694215865,0
814,22,61.497978480798416,1.4687824248068755,65.6161717683424,66.89845359601823,2
815,23,90.42496851165312,,72.29652989401488,76.86234886456954,1
816,19,109.19814256272149,13.416937537854709,85.27235871473128,85.64676435875532,1
817,21,76.09252157091916,3.7925269066017675,-10.0,78.31212761832137,0
818,22,105.9025076332814,10.351660626804982,46.354724366508464,59.846663968322176,2
819,22,81.44650578190235,5.027432205813675,75.30321794798014,67.48130792649782,1
820,22,69.78669076941378,12.489941708327505,66.1610415749537,96.39889470486699,0
821,24,65.13961417043444,2.22163125706071,90.55614540975799,79.93399340886147,0
822,22,89.44120377330181,22.092313952729917,91.44186703066012,87.60478691377273,0
823,23,66.27561398325955,3.3884849273461874,91.96681468400949,78.75442965274564,0
824,22,81.21915264150542,4.585273151883389,61.57618096940081,87.1367410236288,1
825,20,103.75197538076141,0.5984762284370608,,69.05780865094017,0
826,21,75.39829410692944,1.1823437635671135,75.2641375734356,63.487325298488464,2
827,22,99.71014211965849,7.253850879884061,94.39570608502949,86.4554657377207,0
828,21,61.7818476541039,3.1141846722572457,62.460705792523605,91.91061015668333,0
829,20,71.991363480248,18.047245077470063,65.5210489358556,61.28578033805037,2
830,20,58.89283960677625,0.14802405694441706,74.11041029008128,66.36082782864408,3
831,21,81.09495133960036,4.765756556547071,72.2781641442091,72.55160357653641,0
832,18,91.70117269574874,4.11501611341643,88.82217915203753,99.29736907473972,2
833,19,,0.19516851669877114,,83.44703182752389,1
834,24,98.40575089955227,1.328098233045887,87.46922485465535,55.1386975520117,1
835,18,68.76231139056304,5.338259054757454,80.9835176069898,73.60525812615748,2
836,18,83.38014130533601,6.78977219233992,66.79911672089277,71.31181866374348,1
837,23,120.0,5.1800088323972195,79.82014926223471,57.400956659941045,2
838,24,85.42514878135482,7.570196375133226,62.90102429750427,73.42812124657908,1
839,24,87.55604069318639,9.041933879635168,105.25308700008583,70.64943840590442,1
840,18,88.73593939976094,,30.035015183883296,69.57551214574262,1
841,22,63.94108492646597,6.237986699666189,80.09414806742559,68.88927948927284,0
842,23,66.65380847320147,33.10422221009638,43.53106136084429,97.07090322523206,2
843,23,69.43568437713216,7.319551215848255,66.61514945172897,69.54445325849227,2
844,20,76.41678878200103,11.317832132238966,,75.74506584450397,0
845,24,81.30779606309645,,92.61450338370526,74.11852931584906,1
846,18,90.62133682785014,14.871821306709975,59.617716818846645,67.42474724448996,4
847,20,,14.824594264896799,89.62017873492667,,1
848,21,55.98471053447372,,52.31775039662804,,1
849,19,112.33614744810185,37.30277584535845,90.20004585632299,76.19634790348825,1
850,23,63.02820469021355,1.341604072843749,62.884818371447906,62.111502868553686,0
851,21,92.54485584493327,0.170929200584672,71.10151778861679,,0
852,21,80.46900315873012,14.703640839597828,64.95432005334393,86.40482813024786,1
853,22,83.76958461209571,16.45871308065946,89.23545211173405,72.3027505292994,0
854,19,79.97674241246146,1.2806888687847064,-10.0,77.42672868901887,1
855,21,74.22737177079311,3.0867806434803486,76.65252580876788,,1
856,21,86.95958424385188,0.17708232706465002,,81.26092696100875,2
857,19,73.42119190614056,3.471612158516566,59.27467197954636,83.37976372520716,1
858,19,97.49454120855185,14.83430452128112,54.57135211740812,72.3877408537617,1
859,21,88.52661509384231,7.2972927557207,36.27785669811755,61.32997045361856,0
860,19,88.99391169922241,4.278573430933416,88.9197715277507,56.71927006987686,2
861,21,72.39315409915115,,65.08264710485955,90.26529619104538,0
862,21,76.45467894366506,0.013545426943478147,64.92259053561554,86.553756719566,0
863,22,62.181307870369025,3.5639002391120704,92.44153350138339,84.7404702650629,2
864,18,74.70475914911657,10.397550865605174,62.860170964204485,87.1680529179401,0
865,21,64.45136125465554,36.571654542851796,57.392935964711036,,2
866,20,99.69602773383073,18.77714998624691,66.62881569227523,65.62685373351675,0
867,23,80.75803723391009,0.238777834155165,53.00996422184656,60.29388885302943,1
868,24,82.55745852560646,22.882937492222588,,58.659750051217515,0
869,18,76.62280208974968,15.287726907101524,64.39506882603744,93.18238032825496,2
870,18,82.96368383077112,15.158388483489995,62.390928841092816,67.60282716368776,0
871,18,116.97316453786524,6.1248145285644595,61.09145241969547,90.8228860381633,0
872,22,75.49789573411263,5.0750662599519565,68.40667759236983,72.19671254429024,0
873,21,70.24380447935009,3.60848969982313,71.25221688279777,64.85638187636364,1
874,22,87.94539699358164,0.6795219063427087,62.20037367388717,58.58452803674785,2
875,21,42.11422049596268,2.590756504330275,64.6185109585728,66.17768464518375,0
876,22,80.95935180366399,,68.77715759770976,96.27358174359435,3
877,22,74.42430645060648,6.61797884559367,67.26372796690691,58.73684880330281,2
878,23,65.11530100945859,13.761238826067157,70.4661395031252,106.75120232219476,0
879,20,87.6163650546725,6.420925886156549,59.84993795127979,62.390888587955345,2
880,22,80.80982627668689,0.5958489006248409,85.06889363689736,86.24924955976869,1
881,23,52.96386638758675,31.650934043967567,71.45242266114276,72.82123058617518,0
882,19,70.30205718211343,28.598791623520437,62.44229870762684,70.19160626210721,0
883,20,36.67593192210913,15.379992357279178,75.16576326067802,55.92868834312296,1
884,22,84.39903971200255,47.47644483359943,68.88447101771928,73.52410525873142,1
885,24,84.24949127660236,7.863207766462898,43.99260468274498,57.62571005450994,0
886,18,120.0,32.905960797829,75.11429035332439,49.77634350348839,1
887,19,88.1016906752469,0.7861585344916983,,76.79398017326173,2
888,19,60.762520683177165,4.552028996462768,84.01641674846961,65.46865339746367,0
889,23,65.50224461097511,2.553843293985911,66.3737554165983,100.26522774187471,1
890,19,86.25785696573847,2.179484245523082,81.70105446086596,90.00032572639233,1
891,20,69.66999867555586,1.51756987371085,60.546721702035896,100.46148272005155,3
892,22,79.06014565696333,9.739559723919811,71.0489390071096,64.78675643238152,1
893,22,71.54526458860485,15.201542911231599,88.15365250760314,77.04206610196931,1
894,24,73.83603265551224,8.634573226958267,65.96475180377766,35.6899356047842,2
895,18,74.4916367606751,1.5895201566782515,61.13774351896293,70.77296428969915,2
896,23,69.39864864172733,16.666633458146542,79.82560920672684,76.47747522037021,0
897,18,84.53674571540186,10.104769882173969,79.5349239512644,77.31072116552659,2
898,19,70.58107269869076,4.912937947777809,61.76876299877772,74.36447384187491,2
899,24,80.23530070693403,11.21257657067068,40.218084693733566,,0
900,18,69.06902477938395,3.009766945987171,60.84965533752466,34.30136048754883,2
901,20,56.98552060423312,4.234135344939628,80.16039282529633,78.84332754122967,0
902,22,93.68652873888749,24.947854019627048,58.37448715864414,82.25159837895058,2
903,19,87.49290477643113,3.43201132890464,69.83593244475706,95.07038103943276,1
904,24,114.33023103196508,6.348561371298942,60.13772593050484,80.53107088915397,2
905,18,64.34040740002612,22.085588042617506,41.017492562109254,73.03894399930142,0
906,23,76.86559269001954,12.300476518437321,59.86778234440108,91.57412883346458,1
907,20,78.07238778716291,0.6422201247407275,80.09698031034569,39.639986631007815,1
908,20,94.84054157423196,1.5935106340465577,34.44621279901282,67.27577204059284,1
909,18,72.39338158801087,0.07872497723973615,73.78251025713364,63.51285029911933,2
910,22,62.434372187362186,9.967467068014916,52.2089615290088,74.48217300253033,1
911,18,98.11713962691503,5.936157870102337,79.12663104211288,42.01960781656253,1
912,19,75.25024956108157,1.441878005901035,80.7147840381048,94.79453493365578,1
913,18,93.17965264589064,31.685183433152222,67.42078097633086,71.25285150473631,2
914,20,91.43297601188317,7.542988546284627,,79.78195036738401,3
915,24,79.5516428914655,2.7693113030920475,57.90455954295548,78.34636837589841,0
916,18,77.38529442447879,6.9435505205251555,49.81624899842551,93.93734842315425,1
917,22,74.12652790505294,11.382485262732562,95.47139359500599,47.070747976889294,1
918,24,79.77210306845016,0.7930213477005081,57.02392859243308,76.68481748204718,0
919,23,92.94650339255946,3.211751765850929,93.51694196794708,92.1926739105729,1
920,21,68.05339728410631,16.44886302350852,57.10749940299735,73.53020329918962,1
921,18,81.6326844531368,6.155657215573473,77.87785585506592,60.730959102925475,0
922,22,63.22052857701789,7.909301276058035,52.93289260519548,65.94164826516321,0
923,24,65.08840650436711,5.670715168023113,77.85092525353024,69.10586997290393,1
924,22,79.53591504266564,0.4489270890015703,65.11618964270318,64.18424955715517,1
925,23,50.59762987559252,1.8122189742519366,65.31225758986494,72.70783324398961,4
926,20,110.90837924924078,5.8976356742227605,79.15034754676675,97.62371104777503,0
927,22,62.104100676346455,2.34691808249024,62.96287952381353,66.03952851693776,0
928,24,79.3986723101517,0.5127121953612684,48.57777256832354,67.68489038581501,3
929,22,97.52326582725297,18.55656046387431,81.41958345114179,81.89670876075469,2
930,22,67.05641991874252,39.735011031952396,52.81149115026508,72.37769454054185,1
931,22,,15.757269365677423,77.74775926596865,55.06222299982676,1
932,19,73.32581359812993,19.226766022694783,84.59494817999501,74.08217343331468,1
933,19,66.87769429885822,2.7704172270921132,64.36759170471674,73.51662851404612,2
934,20,45.854397371119965,32.34674354858788,87.73529266137676,89.6351751815723,2
935,18,84.27334838858299,2.193080468413782,77.22675561791925,60.417714026960084,1
936,22,83.10640793349427,30.247453182020514,59.56207869782837,89.73479224133165,0
937,23,97.13489681807528,52.62813931989295,91.02143503399112,73.53253781850084,2
938,18,63.18766451719419,12.438327816846819,52.87492267390914,,3
939,23,56.01295270329481,39.70909889426446,64.34949355144651,55.36832531884607,1
940,18,73.89915375430124,8.429003625594063,66.90527794571007,104.01582791862795,1
941,20,78.67486011486358,3.004860724923195,79.07835551527383,72.60125965746839,0
942,22,93.82024404479745,5.744683429928096,86.73149946071702,89.04756175095733,1
943,22,,9.003212637616178,85.79187335354071,49.37820908087805,0
944,21,98.21718700861021,0.7588970221384388,73.35622479361459,114.56542331945852,0
945,23,84.14815500339,120.0,65.7959634330465,88.39866942550692,1
946,18,91.99248880256222,,42.610236375585544,71.16839678767187,1
947,18,70.39259847846223,,50.28781218317175,70.40751213216735,0
948,19,82.5259278871287,15.73082436156245,96.49983233937154,,1
949,21,62.13064791068291,,140.0,85.15772530087571,0
950,24,80.9402809533031,28.77089035892496,58.23264035136836,77.73793920596158,0
951,24,81.32970046097019,32.22271694448199,87.16909423075134,75.16318137303345,2
952,19,105.83192908527455,7.370147220569544,73.1456994879605,83.41600626038874,2
953,19,,37.85738784859356,140.0,48.87444670379735,0
954,19,81.35064256479929,14.159712237241735,78.14242526906014,69.43087931078621,2
955,23,83.55442123568064,1.7634517448085627,92.04373806041329,150.0,0
956,23,73.17769526167321,6.479828321383203,74.43140929847327,84.06888517053757,0
957,20,67.96260900182529,12.67023278921252,79.95171593727267,64.86279043450021,1
958,20,99.48216987270578,2.841420999797959,59.1363020191249,51.42632881981233,1
959,19,65.28623835559553,10.233615524613528,,63.09320213971546,0
960,21,60.081228924690905,10.984137455189629,64.05810853016158,77.24034302198677,3
961,18,90.2039806894322,1.775725437985096,63.20341198028931,71.92157426166284,0
962,23,97.36722263036015,8.32605387708658,83.42085271970706,57.4026516145084,1
963,21,73.22885513599041,14.76774632041396,83.52435064089046,49.426970974040756,1
964,22,73.45919768525181,6.90940945159936,95.32663233619198,76.10899180545753,1
965,23,84.2381528916019,0.12176955887700333,94.34894778229301,66.28847839874308,1
966,23,,0.09079563850904285,83.75972742038164,71.12878935203923,1
967,20,68.27431219082047,4.416561918201067,44.19331584644931,72.6047221876755,1
968,18,93.19388881979549,26.06316177052402,97.41521474424545,81.45098530762978,2
969,18,89.10696651175428,2.5964777096391694,83.76951505999543,87.7041975265487,1
970,24,99.66738329477158,10.0611612505522,58.51209864870546,77.19763801437665,2
971,24,61.211164814517566,2.511262797305097,80.93363733344174,70.19306175360535,0
972,24,72.46306269634076,3.881213685465557,54.44101388555907,75.37145307143705,0
973,24,84.21769343404179,18.841517017541253,79.27945180164613,69.91144549110568,1
974,22,66.11568725338451,,50.255949383888506,50.361699695503184,1
975,22,89.62531155731975,1.00261623036669,57.87672386820046,91.37919256934363,1
976,23,120.0,120.0,80.6489369380079,88.55158293731705,1
977,19,71.24963041658978,0.29603659802252136,86.0933011448934,104.82500990370895,1
978,20,80.5788791034055,,74.88155289150716,109.20748959716411,0
979,20,101.83428035121675,10.859942668955455,65.70747044968044,57.3596980162086,0
980,24,106.98907362528499,1.261332534369584,38.27700557474515,69.96900119431757,1
981,23,91.18701876590606,3.4092103232703446,66.8646835052296,112.67309395305213,1
982,21,88.90143759790413,5.0722648428285035,78.00227615236791,74.39174076626648,3
983,19,67.19395197972632,25.1988356829711,65.24852341096529,78.66316353820127,0
984,23,85.38814100686761,49.989560759023504,69.66133088358373,52.18305072458131,0
985,19,88.35231261162497,0.4595106218168274,67.21573798123119,77.25432947365161,0
986,19,76.84444762158431,14.313248803005745,65.17440673267849,103.97910562138634,1
987,19,71.07835618166507,4.64775824305489,71.1381608493972,94.29938715155292,2
988,23,60.780534897847176,4.983342768841731,65.9095812677131,65.85023067722184,1
989,24,53.93405367423061,14.035014509953418,91.64934330447913,69.05525450147375,0
990,20,50.78174730018256,25.062499928371725,-10.0,58.03649561258605,1
991,20,88.69163859300892,30.14478786587206,,62.23255289625441,2
992,24,82.21548987840166,8.606729434454637,56.94615664724162,46.346821068202956,0
993,19,72.74283302688355,4.41799000649414,73.28665900051615,73.72770488010386,1
994,21,75.02815553413042,15.490443095770987,71.1571717882469,97.65166019895617,0
995,18,83.15705812295727,2.890181422787728,94.33289652324143,80.33147886140624,3
996,23,77.53155393487108,8.302828409517735,99.26713072446692,95.49358484948598,2
997,18,59.89170229994258,4.440684118766535,58.40374816644278,91.09874101388998,2
998,24,93.6950033041145,10.689498229877938,70.00750097550444,66.79787865641057,1
999,21,84.56189256004714,2.7496186888850964,72.94456625386533,63.60740007890327,1
1000,23,83.98847719720773,2.126895672844426,58.03279377493996,64.18223164722816,3
